[
    {
        "HolidayName":  "New Years Day",
        "ActualDate":  "01/01/2018",
        "ObservedDate":  "01/01/2018",
        "Type":  "National",
        "DayOfWeek":  "Monday",
        "DayOfWeekNumber":  "1",
        "WeekOfYear":  "1",
        "Day":  "1",
        "Month":  "1",
        "Year":  "2018"
    },
    {
        "HolidayName":  "Day after New Years Day",
        "ActualDate":  "02/01/2018",
        "ObservedDate":  "02/01/2018",
        "Type":  "National",
        "DayOfWeek":  "Tuesday",
        "DayOfWeekNumber":  "2",
        "WeekOfYear":  "1",
        "Day":  "2",
        "Month":  "1",
        "Year":  "2018"
    },
    {
        "HolidayName":  "Wellington Anniversary Day",
        "ActualDate":  "22/01/2018",
        "ObservedDate":  "22/01/2018",
        "Type":  "Regional",
        "DayOfWeek":  "Monday",
        "DayOfWeekNumber":  "1",
        "WeekOfYear":  "4",
        "Day":  "22",
        "Month":  "1",
        "Year":  "2018"
    },
    {
        "HolidayName":  "Auckland Anniversary Day",
        "ActualDate":  "29/01/2018",
        "ObservedDate":  "29/01/2018",
        "Type":  "Regional",
        "DayOfWeek":  "Monday",
        "DayOfWeekNumber":  "1",
        "WeekOfYear":  "5",
        "Day":  "29",
        "Month":  "1",
        "Year":  "2018"
    },
    {
        "HolidayName":  "Nelson Anniversary Day",
        "ActualDate":  "29/01/2018",
        "ObservedDate":  "29/01/2018",
        "Type":  "Regional",
        "DayOfWeek":  "Monday",
        "DayOfWeekNumber":  "1",
        "WeekOfYear":  "5",
        "Day":  "29",
        "Month":  "1",
        "Year":  "2018"
    },
    {
        "HolidayName":  "Waitangi Day",
        "ActualDate":  "06/02/2018",
        "ObservedDate":  "06/02/2018",
        "Type":  "National",
        "DayOfWeek":  "Tuesday",
        "DayOfWeekNumber":  "2",
        "WeekOfYear":  "6",
        "Day":  "6",
        "Month":  "2",
        "Year":  "2018"
    },
    {
        "HolidayName":  "Taranaki Anniversary Day",
        "ActualDate":  "12/03/2018",
        "ObservedDate":  "12/03/2018",
        "Type":  "Regional",
        "DayOfWeek":  "Monday",
        "DayOfWeekNumber":  "1",
        "WeekOfYear":  "11",
        "Day":  "12",
        "Month":  "3",
        "Year":  "2018"
    },
    {
        "HolidayName":  "Otago Anniversary Day",
        "ActualDate":  "26/03/2018",
        "ObservedDate":  "26/03/2018",
        "Type":  "Regional",
        "DayOfWeek":  "Monday",
        "DayOfWeekNumber":  "1",
        "WeekOfYear":  "13",
        "Day":  "26",
        "Month":  "3",
        "Year":  "2018"
    },
    {
        "HolidayName":  "Good Friday",
        "ActualDate":  "30/03/2018",
        "ObservedDate":  "30/03/2018",
        "Type":  "National",
        "DayOfWeek":  "Friday",
        "DayOfWeekNumber":  "5",
        "WeekOfYear":  "13",
        "Day":  "30",
        "Month":  "3",
        "Year":  "2018"
    },
    {
        "HolidayName":  "Easter Monday",
        "ActualDate":  "02/04/2018",
        "ObservedDate":  "02/04/2018",
        "Type":  "National",
        "DayOfWeek":  "Monday",
        "DayOfWeekNumber":  "1",
        "WeekOfYear":  "14",
        "Day":  "2",
        "Month":  "4",
        "Year":  "2018"
    },
    {
        "HolidayName":  "Southland Anniversary Day",
        "ActualDate":  "03/04/2018",
        "ObservedDate":  "03/04/2018",
        "Type":  "Regional",
        "DayOfWeek":  "Tuesday",
        "DayOfWeekNumber":  "2",
        "WeekOfYear":  "14",
        "Day":  "3",
        "Month":  "4",
        "Year":  "2018"
    },
    {
        "HolidayName":  "Anzac Day",
        "ActualDate":  "25/04/2018",
        "ObservedDate":  "25/04/2018",
        "Type":  "National",
        "DayOfWeek":  "Wednesday",
        "DayOfWeekNumber":  "3",
        "WeekOfYear":  "17",
        "Day":  "25",
        "Month":  "4",
        "Year":  "2018"
    },
    {
        "HolidayName":  "Queens Birthday",
        "ActualDate":  "04/06/2018",
        "ObservedDate":  "04/06/2018",
        "Type":  "National",
        "DayOfWeek":  "Monday",
        "DayOfWeekNumber":  "1",
        "WeekOfYear":  "23",
        "Day":  "4",
        "Month":  "6",
        "Year":  "2018"
    },
    {
        "HolidayName":  "South Canterbury Anniversary Day",
        "ActualDate":  "24/09/2018",
        "ObservedDate":  "24/09/2018",
        "Type":  "Regional",
        "DayOfWeek":  "Monday",
        "DayOfWeekNumber":  "1",
        "WeekOfYear":  "39",
        "Day":  "24",
        "Month":  "9",
        "Year":  "2018"
    },
    {
        "HolidayName":  "Hawkes Bay Anniversary Day",
        "ActualDate":  "19/10/2018",
        "ObservedDate":  "19/10/2018",
        "Type":  "Regional",
        "DayOfWeek":  "Friday",
        "DayOfWeekNumber":  "5",
        "WeekOfYear":  "42",
        "Day":  "19",
        "Month":  "10",
        "Year":  "2018"
    },
    {
        "HolidayName":  "Labour Day",
        "ActualDate":  "22/10/2018",
        "ObservedDate":  "22/10/2018",
        "Type":  "National",
        "DayOfWeek":  "Monday",
        "DayOfWeekNumber":  "1",
        "WeekOfYear":  "43",
        "Day":  "22",
        "Month":  "10",
        "Year":  "2018"
    },
    {
        "HolidayName":  "Marlborough Anniversary Day",
        "ActualDate":  "29/10/2018",
        "ObservedDate":  "29/10/2018",
        "Type":  "Regional",
        "DayOfWeek":  "Monday",
        "DayOfWeekNumber":  "1",
        "WeekOfYear":  "44",
        "Day":  "29",
        "Month":  "10",
        "Year":  "2018"
    },
    {
        "HolidayName":  "Canterbury Anniversary Day",
        "ActualDate":  "16/11/2018",
        "ObservedDate":  "16/11/2018",
        "Type":  "Regional",
        "DayOfWeek":  "Friday",
        "DayOfWeekNumber":  "5",
        "WeekOfYear":  "46",
        "Day":  "16",
        "Month":  "11",
        "Year":  "2018"
    },
    {
        "HolidayName":  "Chatham Islands Anniversary Day",
        "ActualDate":  "03/12/2018",
        "ObservedDate":  "03/12/2018",
        "Type":  "Regional",
        "DayOfWeek":  "Monday",
        "DayOfWeekNumber":  "1",
        "WeekOfYear":  "49",
        "Day":  "3",
        "Month":  "12",
        "Year":  "2018"
    },
    {
        "HolidayName":  "Westland Anniversary Day",
        "ActualDate":  "03/12/2018",
        "ObservedDate":  "03/12/2018",
        "Type":  "Regional",
        "DayOfWeek":  "Monday",
        "DayOfWeekNumber":  "1",
        "WeekOfYear":  "49",
        "Day":  "3",
        "Month":  "12",
        "Year":  "2018"
    },
    {
        "HolidayName":  "Christmas Day",
        "ActualDate":  "25/12/2018",
        "ObservedDate":  "25/12/2018",
        "Type":  "National",
        "DayOfWeek":  "Tuesday",
        "DayOfWeekNumber":  "2",
        "WeekOfYear":  "52",
        "Day":  "25",
        "Month":  "12",
        "Year":  "2018"
    },
    {
        "HolidayName":  "Boxing Day",
        "ActualDate":  "26/12/2018",
        "ObservedDate":  "26/12/2018",
        "Type":  "National",
        "DayOfWeek":  "Wednesday",
        "DayOfWeekNumber":  "3",
        "WeekOfYear":  "52",
        "Day":  "26",
        "Month":  "12",
        "Year":  "2018"
    },
    {
        "HolidayName":  "New Years Day",
        "ActualDate":  "01/01/2019",
        "ObservedDate":  "01/01/2019",
        "Type":  "National",
        "DayOfWeek":  "Tuesday",
        "DayOfWeekNumber":  "2",
        "WeekOfYear":  "1",
        "Day":  "1",
        "Month":  "1",
        "Year":  "2019"
    },
    {
        "HolidayName":  "Day after New Years Day",
        "ActualDate":  "02/01/2019",
        "ObservedDate":  "02/01/2019",
        "Type":  "National",
        "DayOfWeek":  "Wednesday",
        "DayOfWeekNumber":  "3",
        "WeekOfYear":  "1",
        "Day":  "2",
        "Month":  "1",
        "Year":  "2019"
    },
    {
        "HolidayName":  "Wellington Anniversary Day",
        "ActualDate":  "21/01/2019",
        "ObservedDate":  "21/01/2019",
        "Type":  "Regional",
        "DayOfWeek":  "Monday",
        "DayOfWeekNumber":  "1",
        "WeekOfYear":  "4",
        "Day":  "21",
        "Month":  "1",
        "Year":  "2019"
    },
    {
        "HolidayName":  "Auckland Anniversary Day",
        "ActualDate":  "28/01/2019",
        "ObservedDate":  "28/01/2019",
        "Type":  "Regional",
        "DayOfWeek":  "Monday",
        "DayOfWeekNumber":  "1",
        "WeekOfYear":  "5",
        "Day":  "28",
        "Month":  "1",
        "Year":  "2019"
    },
    {
        "HolidayName":  "Nelson Anniversary Day",
        "ActualDate":  "04/02/2019",
        "ObservedDate":  "04/02/2019",
        "Type":  "Regional",
        "DayOfWeek":  "Monday",
        "DayOfWeekNumber":  "1",
        "WeekOfYear":  "6",
        "Day":  "4",
        "Month":  "2",
        "Year":  "2019"
    },
    {
        "HolidayName":  "Waitangi Day",
        "ActualDate":  "06/02/2019",
        "ObservedDate":  "06/02/2019",
        "Type":  "National",
        "DayOfWeek":  "Wednesday",
        "DayOfWeekNumber":  "3",
        "WeekOfYear":  "6",
        "Day":  "6",
        "Month":  "2",
        "Year":  "2019"
    },
    {
        "HolidayName":  "Taranaki Anniversary Day",
        "ActualDate":  "11/03/2019",
        "ObservedDate":  "11/03/2019",
        "Type":  "Regional",
        "DayOfWeek":  "Monday",
        "DayOfWeekNumber":  "1",
        "WeekOfYear":  "11",
        "Day":  "11",
        "Month":  "3",
        "Year":  "2019"
    },
    {
        "HolidayName":  "Otago Anniversary Day",
        "ActualDate":  "25/03/2019",
        "ObservedDate":  "25/03/2019",
        "Type":  "Regional",
        "DayOfWeek":  "Monday",
        "DayOfWeekNumber":  "1",
        "WeekOfYear":  "13",
        "Day":  "25",
        "Month":  "3",
        "Year":  "2019"
    },
    {
        "HolidayName":  "Good Friday",
        "ActualDate":  "19/04/2019",
        "ObservedDate":  "19/04/2019",
        "Type":  "National",
        "DayOfWeek":  "Friday",
        "DayOfWeekNumber":  "5",
        "WeekOfYear":  "16",
        "Day":  "19",
        "Month":  "4",
        "Year":  "2019"
    },
    {
        "HolidayName":  "Easter Monday",
        "ActualDate":  "22/04/2019",
        "ObservedDate":  "22/04/2019",
        "Type":  "National",
        "DayOfWeek":  "Monday",
        "DayOfWeekNumber":  "1",
        "WeekOfYear":  "17",
        "Day":  "22",
        "Month":  "4",
        "Year":  "2019"
    },
    {
        "HolidayName":  "Southland Anniversary Day",
        "ActualDate":  "23/04/2019",
        "ObservedDate":  "23/04/2019",
        "Type":  "Regional",
        "DayOfWeek":  "Tuesday",
        "DayOfWeekNumber":  "2",
        "WeekOfYear":  "17",
        "Day":  "23",
        "Month":  "4",
        "Year":  "2019"
    },
    {
        "HolidayName":  "Anzac Day",
        "ActualDate":  "25/04/2019",
        "ObservedDate":  "25/04/2019",
        "Type":  "National",
        "DayOfWeek":  "Thursday",
        "DayOfWeekNumber":  "4",
        "WeekOfYear":  "17",
        "Day":  "25",
        "Month":  "4",
        "Year":  "2019"
    },
    {
        "HolidayName":  "Queens Birthday",
        "ActualDate":  "03/06/2019",
        "ObservedDate":  "03/06/2019",
        "Type":  "National",
        "DayOfWeek":  "Monday",
        "DayOfWeekNumber":  "1",
        "WeekOfYear":  "23",
        "Day":  "3",
        "Month":  "6",
        "Year":  "2019"
    },
    {
        "HolidayName":  "South Canterbury Anniversary Day",
        "ActualDate":  "23/09/2019",
        "ObservedDate":  "23/09/2019",
        "Type":  "Regional",
        "DayOfWeek":  "Monday",
        "DayOfWeekNumber":  "1",
        "WeekOfYear":  "39",
        "Day":  "23",
        "Month":  "9",
        "Year":  "2019"
    },
    {
        "HolidayName":  "Hawkes Bay Anniversary Day",
        "ActualDate":  "25/10/2019",
        "ObservedDate":  "25/10/2019",
        "Type":  "Regional",
        "DayOfWeek":  "Friday",
        "DayOfWeekNumber":  "5",
        "WeekOfYear":  "43",
        "Day":  "25",
        "Month":  "10",
        "Year":  "2019"
    },
    {
        "HolidayName":  "Labour Day",
        "ActualDate":  "28/10/2019",
        "ObservedDate":  "28/10/2019",
        "Type":  "National",
        "DayOfWeek":  "Monday",
        "DayOfWeekNumber":  "1",
        "WeekOfYear":  "44",
        "Day":  "28",
        "Month":  "10",
        "Year":  "2019"
    },
    {
        "HolidayName":  "Marlborough Anniversary Day",
        "ActualDate":  "04/11/2019",
        "ObservedDate":  "04/11/2019",
        "Type":  "Regional",
        "DayOfWeek":  "Monday",
        "DayOfWeekNumber":  "1",
        "WeekOfYear":  "45",
        "Day":  "4",
        "Month":  "11",
        "Year":  "2019"
    },
    {
        "HolidayName":  "Canterbury Anniversary Day",
        "ActualDate":  "15/11/2019",
        "ObservedDate":  "15/11/2019",
        "Type":  "Regional",
        "DayOfWeek":  "Friday",
        "DayOfWeekNumber":  "5",
        "WeekOfYear":  "46",
        "Day":  "15",
        "Month":  "11",
        "Year":  "2019"
    },
    {
        "HolidayName":  "Chatham Islands Anniversary Day",
        "ActualDate":  "02/12/2019",
        "ObservedDate":  "02/12/2019",
        "Type":  "Regional",
        "DayOfWeek":  "Monday",
        "DayOfWeekNumber":  "1",
        "WeekOfYear":  "49",
        "Day":  "2",
        "Month":  "12",
        "Year":  "2019"
    },
    {
        "HolidayName":  "Westland Anniversary Day",
        "ActualDate":  "02/12/2019",
        "ObservedDate":  "02/12/2019",
        "Type":  "Regional",
        "DayOfWeek":  "Monday",
        "DayOfWeekNumber":  "1",
        "WeekOfYear":  "49",
        "Day":  "2",
        "Month":  "12",
        "Year":  "2019"
    },
    {
        "HolidayName":  "Christmas Day",
        "ActualDate":  "25/12/2019",
        "ObservedDate":  "25/12/2019",
        "Type":  "National",
        "DayOfWeek":  "Wednesday",
        "DayOfWeekNumber":  "3",
        "WeekOfYear":  "52",
        "Day":  "25",
        "Month":  "12",
        "Year":  "2019"
    },
    {
        "HolidayName":  "Boxing Day",
        "ActualDate":  "26/12/2019",
        "ObservedDate":  "26/12/2019",
        "Type":  "National",
        "DayOfWeek":  "Thursday",
        "DayOfWeekNumber":  "4",
        "WeekOfYear":  "52",
        "Day":  "26",
        "Month":  "12",
        "Year":  "2019"
    },
    {
        "HolidayName":  "New Years Day",
        "ActualDate":  "01/01/2020",
        "ObservedDate":  "01/01/2020",
        "Type":  "National",
        "DayOfWeek":  "Wednesday",
        "DayOfWeekNumber":  "3",
        "WeekOfYear":  "1",
        "Day":  "1",
        "Month":  "1",
        "Year":  "2020"
    },
    {
        "HolidayName":  "Day after New Years Day",
        "ActualDate":  "02/01/2020",
        "ObservedDate":  "02/01/2020",
        "Type":  "National",
        "DayOfWeek":  "Thursday",
        "DayOfWeekNumber":  "4",
        "WeekOfYear":  "1",
        "Day":  "2",
        "Month":  "1",
        "Year":  "2020"
    },
    {
        "HolidayName":  "Wellington Anniversary Day",
        "ActualDate":  "20/01/2020",
        "ObservedDate":  "20/01/2020",
        "Type":  "Regional",
        "DayOfWeek":  "Monday",
        "DayOfWeekNumber":  "1",
        "WeekOfYear":  "3",
        "Day":  "20",
        "Month":  "1",
        "Year":  "2020"
    },
    {
        "HolidayName":  "Auckland Anniversary Day",
        "ActualDate":  "27/01/2020",
        "ObservedDate":  "27/01/2020",
        "Type":  "Regional",
        "DayOfWeek":  "Monday",
        "DayOfWeekNumber":  "1",
        "WeekOfYear":  "4",
        "Day":  "27",
        "Month":  "1",
        "Year":  "2020"
    },
    {
        "HolidayName":  "Nelson Anniversary Day",
        "ActualDate":  "03/02/2020",
        "ObservedDate":  "03/02/2020",
        "Type":  "Regional",
        "DayOfWeek":  "Monday",
        "DayOfWeekNumber":  "1",
        "WeekOfYear":  "5",
        "Day":  "3",
        "Month":  "2",
        "Year":  "2020"
    },
    {
        "HolidayName":  "Waitangi Day",
        "ActualDate":  "06/02/2020",
        "ObservedDate":  "06/02/2020",
        "Type":  "National",
        "DayOfWeek":  "Thursday",
        "DayOfWeekNumber":  "4",
        "WeekOfYear":  "6",
        "Day":  "6",
        "Month":  "2",
        "Year":  "2020"
    },
    {
        "HolidayName":  "Taranaki Anniversary Day",
        "ActualDate":  "09/03/2020",
        "ObservedDate":  "09/03/2020",
        "Type":  "Regional",
        "DayOfWeek":  "Monday",
        "DayOfWeekNumber":  "1",
        "WeekOfYear":  "10",
        "Day":  "9",
        "Month":  "3",
        "Year":  "2020"
    },
    {
        "HolidayName":  "Otago Anniversary Day",
        "ActualDate":  "23/03/2020",
        "ObservedDate":  "23/03/2020",
        "Type":  "Regional",
        "DayOfWeek":  "Monday",
        "DayOfWeekNumber":  "1",
        "WeekOfYear":  "12",
        "Day":  "23",
        "Month":  "3",
        "Year":  "2020"
    },
    {
        "HolidayName":  "Good Friday",
        "ActualDate":  "10/04/2020",
        "ObservedDate":  "10/04/2020",
        "Type":  "National",
        "DayOfWeek":  "Friday",
        "DayOfWeekNumber":  "5",
        "WeekOfYear":  "15",
        "Day":  "10",
        "Month":  "4",
        "Year":  "2020"
    },
    {
        "HolidayName":  "Easter Monday",
        "ActualDate":  "13/04/2020",
        "ObservedDate":  "13/04/2020",
        "Type":  "National",
        "DayOfWeek":  "Monday",
        "DayOfWeekNumber":  "1",
        "WeekOfYear":  "15",
        "Day":  "13",
        "Month":  "4",
        "Year":  "2020"
    },
    {
        "HolidayName":  "Southland Anniversary Day",
        "ActualDate":  "14/04/2020",
        "ObservedDate":  "14/04/2020",
        "Type":  "Regional",
        "DayOfWeek":  "Tuesday",
        "DayOfWeekNumber":  "2",
        "WeekOfYear":  "16",
        "Day":  "14",
        "Month":  "4",
        "Year":  "2020"
    },
    {
        "HolidayName":  "Anzac Day",
        "ActualDate":  "25/04/2020",
        "ObservedDate":  "27/04/2020",
        "Type":  "National",
        "DayOfWeek":  "Saturday",
        "DayOfWeekNumber":  "6",
        "WeekOfYear":  "17",
        "Day":  "25",
        "Month":  "4",
        "Year":  "2020"
    },
    {
        "HolidayName":  "Queens Birthday",
        "ActualDate":  "01/06/2020",
        "ObservedDate":  "01/06/2020",
        "Type":  "National",
        "DayOfWeek":  "Monday",
        "DayOfWeekNumber":  "1",
        "WeekOfYear":  "22",
        "Day":  "1",
        "Month":  "6",
        "Year":  "2020"
    },
    {
        "HolidayName":  "South Canterbury Anniversary Day",
        "ActualDate":  "28/09/2020",
        "ObservedDate":  "28/09/2020",
        "Type":  "Regional",
        "DayOfWeek":  "Monday",
        "DayOfWeekNumber":  "1",
        "WeekOfYear":  "39",
        "Day":  "28",
        "Month":  "9",
        "Year":  "2020"
    },
    {
        "HolidayName":  "Hawkes Bay Anniversary Day",
        "ActualDate":  "23/10/2020",
        "ObservedDate":  "23/10/2020",
        "Type":  "Regional",
        "DayOfWeek":  "Friday",
        "DayOfWeekNumber":  "5",
        "WeekOfYear":  "43",
        "Day":  "23",
        "Month":  "10",
        "Year":  "2020"
    },
    {
        "HolidayName":  "Labour Day",
        "ActualDate":  "26/10/2020",
        "ObservedDate":  "26/10/2020",
        "Type":  "National",
        "DayOfWeek":  "Monday",
        "DayOfWeekNumber":  "1",
        "WeekOfYear":  "43",
        "Day":  "26",
        "Month":  "10",
        "Year":  "2020"
    },
    {
        "HolidayName":  "Marlborough Anniversary Day",
        "ActualDate":  "02/11/2020",
        "ObservedDate":  "02/11/2020",
        "Type":  "Regional",
        "DayOfWeek":  "Monday",
        "DayOfWeekNumber":  "1",
        "WeekOfYear":  "44",
        "Day":  "2",
        "Month":  "11",
        "Year":  "2020"
    },
    {
        "HolidayName":  "Canterbury Anniversary Day",
        "ActualDate":  "13/11/2020",
        "ObservedDate":  "13/11/2020",
        "Type":  "Regional",
        "DayOfWeek":  "Friday",
        "DayOfWeekNumber":  "5",
        "WeekOfYear":  "46",
        "Day":  "13",
        "Month":  "11",
        "Year":  "2020"
    },
    {
        "HolidayName":  "Chatham Islands Anniversary Day",
        "ActualDate":  "30/11/2020",
        "ObservedDate":  "30/11/2020",
        "Type":  "Regional",
        "DayOfWeek":  "Monday",
        "DayOfWeekNumber":  "1",
        "WeekOfYear":  "48",
        "Day":  "30",
        "Month":  "11",
        "Year":  "2020"
    },
    {
        "HolidayName":  "Westland Anniversary Day",
        "ActualDate":  "30/11/2020",
        "ObservedDate":  "30/11/2020",
        "Type":  "Regional",
        "DayOfWeek":  "Monday",
        "DayOfWeekNumber":  "1",
        "WeekOfYear":  "48",
        "Day":  "30",
        "Month":  "11",
        "Year":  "2020"
    },
    {
        "HolidayName":  "Christmas Day",
        "ActualDate":  "25/12/2020",
        "ObservedDate":  "25/12/2020",
        "Type":  "National",
        "DayOfWeek":  "Friday",
        "DayOfWeekNumber":  "5",
        "WeekOfYear":  "52",
        "Day":  "25",
        "Month":  "12",
        "Year":  "2020"
    },
    {
        "HolidayName":  "Boxing Day",
        "ActualDate":  "26/12/2020",
        "ObservedDate":  "28/12/2020",
        "Type":  "National",
        "DayOfWeek":  "Saturday",
        "DayOfWeekNumber":  "6",
        "WeekOfYear":  "52",
        "Day":  "26",
        "Month":  "12",
        "Year":  "2020"
    },
    {
        "HolidayName":  "New Years Day",
        "ActualDate":  "01/01/2021",
        "ObservedDate":  "01/01/2021",
        "Type":  "National",
        "DayOfWeek":  "Friday",
        "DayOfWeekNumber":  "5",
        "WeekOfYear":  "1",
        "Day":  "1",
        "Month":  "1",
        "Year":  "2021"
    },
    {
        "HolidayName":  "Day after New Years Day",
        "ActualDate":  "02/01/2021",
        "ObservedDate":  "04/01/2021",
        "Type":  "National",
        "DayOfWeek":  "Saturday",
        "DayOfWeekNumber":  "6",
        "WeekOfYear":  "1",
        "Day":  "2",
        "Month":  "1",
        "Year":  "2021"
    },
    {
        "HolidayName":  "Wellington Anniversary Day",
        "ActualDate":  "25/01/2021",
        "ObservedDate":  "25/01/2021",
        "Type":  "Regional",
        "DayOfWeek":  "Monday",
        "DayOfWeekNumber":  "1",
        "WeekOfYear":  "4",
        "Day":  "25",
        "Month":  "1",
        "Year":  "2021"
    },
    {
        "HolidayName":  "Auckland Anniversary Day",
        "ActualDate":  "01/02/2021",
        "ObservedDate":  "01/02/2021",
        "Type":  "Regional",
        "DayOfWeek":  "Monday",
        "DayOfWeekNumber":  "1",
        "WeekOfYear":  "5",
        "Day":  "1",
        "Month":  "2",
        "Year":  "2021"
    },
    {
        "HolidayName":  "Nelson Anniversary Day",
        "ActualDate":  "01/02/2021",
        "ObservedDate":  "01/02/2021",
        "Type":  "Regional",
        "DayOfWeek":  "Monday",
        "DayOfWeekNumber":  "1",
        "WeekOfYear":  "5",
        "Day":  "1",
        "Month":  "2",
        "Year":  "2021"
    },
    {
        "HolidayName":  "Waitangi Day",
        "ActualDate":  "06/02/2021",
        "ObservedDate":  "08/02/2021",
        "Type":  "National",
        "DayOfWeek":  "Saturday",
        "DayOfWeekNumber":  "6",
        "WeekOfYear":  "6",
        "Day":  "6",
        "Month":  "2",
        "Year":  "2021"
    },
    {
        "HolidayName":  "Taranaki Anniversary Day",
        "ActualDate":  "08/03/2021",
        "ObservedDate":  "08/03/2021",
        "Type":  "Regional",
        "DayOfWeek":  "Monday",
        "DayOfWeekNumber":  "1",
        "WeekOfYear":  "10",
        "Day":  "8",
        "Month":  "3",
        "Year":  "2021"
    },
    {
        "HolidayName":  "Otago Anniversary Day",
        "ActualDate":  "22/03/2021",
        "ObservedDate":  "22/03/2021",
        "Type":  "Regional",
        "DayOfWeek":  "Monday",
        "DayOfWeekNumber":  "1",
        "WeekOfYear":  "12",
        "Day":  "22",
        "Month":  "3",
        "Year":  "2021"
    },
    {
        "HolidayName":  "Good Friday",
        "ActualDate":  "02/04/2021",
        "ObservedDate":  "02/04/2021",
        "Type":  "National",
        "DayOfWeek":  "Friday",
        "DayOfWeekNumber":  "5",
        "WeekOfYear":  "14",
        "Day":  "2",
        "Month":  "4",
        "Year":  "2021"
    },
    {
        "HolidayName":  "Easter Monday",
        "ActualDate":  "05/04/2021",
        "ObservedDate":  "05/04/2021",
        "Type":  "National",
        "DayOfWeek":  "Monday",
        "DayOfWeekNumber":  "1",
        "WeekOfYear":  "14",
        "Day":  "5",
        "Month":  "4",
        "Year":  "2021"
    },
    {
        "HolidayName":  "Southland Anniversary Day",
        "ActualDate":  "06/04/2021",
        "ObservedDate":  "06/04/2021",
        "Type":  "Regional",
        "DayOfWeek":  "Tuesday",
        "DayOfWeekNumber":  "2",
        "WeekOfYear":  "14",
        "Day":  "6",
        "Month":  "4",
        "Year":  "2021"
    },
    {
        "HolidayName":  "Anzac Day",
        "ActualDate":  "25/04/2021",
        "ObservedDate":  "26/04/2021",
        "Type":  "National",
        "DayOfWeek":  "Sunday",
        "DayOfWeekNumber":  "7",
        "WeekOfYear":  "17",
        "Day":  "25",
        "Month":  "4",
        "Year":  "2021"
    },
    {
        "HolidayName":  "Queens Birthday",
        "ActualDate":  "07/06/2021",
        "ObservedDate":  "07/06/2021",
        "Type":  "National",
        "DayOfWeek":  "Monday",
        "DayOfWeekNumber":  "1",
        "WeekOfYear":  "23",
        "Day":  "7",
        "Month":  "6",
        "Year":  "2021"
    },
    {
        "HolidayName":  "South Canterbury Anniversary Day",
        "ActualDate":  "27/09/2021",
        "ObservedDate":  "27/09/2021",
        "Type":  "Regional",
        "DayOfWeek":  "Monday",
        "DayOfWeekNumber":  "1",
        "WeekOfYear":  "39",
        "Day":  "27",
        "Month":  "9",
        "Year":  "2021"
    },
    {
        "HolidayName":  "Hawkes Bay Anniversary Day",
        "ActualDate":  "22/10/2021",
        "ObservedDate":  "22/10/2021",
        "Type":  "Regional",
        "DayOfWeek":  "Friday",
        "DayOfWeekNumber":  "5",
        "WeekOfYear":  "43",
        "Day":  "22",
        "Month":  "10",
        "Year":  "2021"
    },
    {
        "HolidayName":  "Labour Day",
        "ActualDate":  "25/10/2021",
        "ObservedDate":  "25/10/2021",
        "Type":  "National",
        "DayOfWeek":  "Monday",
        "DayOfWeekNumber":  "1",
        "WeekOfYear":  "43",
        "Day":  "25",
        "Month":  "10",
        "Year":  "2021"
    },
    {
        "HolidayName":  "Marlborough Anniversary Day",
        "ActualDate":  "01/11/2021",
        "ObservedDate":  "01/11/2021",
        "Type":  "Regional",
        "DayOfWeek":  "Monday",
        "DayOfWeekNumber":  "1",
        "WeekOfYear":  "44",
        "Day":  "1",
        "Month":  "11",
        "Year":  "2021"
    },
    {
        "HolidayName":  "Canterbury Anniversary Day",
        "ActualDate":  "12/11/2021",
        "ObservedDate":  "12/11/2021",
        "Type":  "Regional",
        "DayOfWeek":  "Friday",
        "DayOfWeekNumber":  "5",
        "WeekOfYear":  "46",
        "Day":  "12",
        "Month":  "11",
        "Year":  "2021"
    },
    {
        "HolidayName":  "Chatham Islands Anniversary Day",
        "ActualDate":  "29/11/2021",
        "ObservedDate":  "29/11/2021",
        "Type":  "Regional",
        "DayOfWeek":  "Monday",
        "DayOfWeekNumber":  "1",
        "WeekOfYear":  "48",
        "Day":  "29",
        "Month":  "11",
        "Year":  "2021"
    },
    {
        "HolidayName":  "Westland Anniversary Day",
        "ActualDate":  "29/11/2021",
        "ObservedDate":  "29/11/2021",
        "Type":  "Regional",
        "DayOfWeek":  "Monday",
        "DayOfWeekNumber":  "1",
        "WeekOfYear":  "48",
        "Day":  "29",
        "Month":  "11",
        "Year":  "2021"
    },
    {
        "HolidayName":  "Christmas Day",
        "ActualDate":  "25/12/2021",
        "ObservedDate":  "25/12/2021",
        "Type":  "National",
        "DayOfWeek":  "Saturday",
        "DayOfWeekNumber":  "6",
        "WeekOfYear":  "52",
        "Day":  "25",
        "Month":  "12",
        "Year":  "2021"
    },
    {
        "HolidayName":  "Boxing Day",
        "ActualDate":  "26/12/2021",
        "ObservedDate":  "27/12/2021",
        "Type":  "National",
        "DayOfWeek":  "Sunday",
        "DayOfWeekNumber":  "7",
        "WeekOfYear":  "52",
        "Day":  "26",
        "Month":  "12",
        "Year":  "2021"
    },
    {
        "HolidayName":  "New Years Day",
        "ActualDate":  "01/01/2022",
        "ObservedDate":  "03/01/2022",
        "Type":  "National",
        "DayOfWeek":  "Saturday",
        "DayOfWeekNumber":  "6",
        "WeekOfYear":  "1",
        "Day":  "1",
        "Month":  "1",
        "Year":  "2022"
    },
    {
        "HolidayName":  "Day after New Years Day",
        "ActualDate":  "02/01/2022",
        "ObservedDate":  "04/01/2022",
        "Type":  "National",
        "DayOfWeek":  "Sunday",
        "DayOfWeekNumber":  "7",
        "WeekOfYear":  "1",
        "Day":  "2",
        "Month":  "1",
        "Year":  "2022"
    },
    {
        "HolidayName":  "Wellington Anniversary Day",
        "ActualDate":  "24/01/2022",
        "ObservedDate":  "24/01/2022",
        "Type":  "Regional",
        "DayOfWeek":  "Monday",
        "DayOfWeekNumber":  "1",
        "WeekOfYear":  "4",
        "Day":  "24",
        "Month":  "1",
        "Year":  "2022"
    },
    {
        "HolidayName":  "Auckland Anniversary Day",
        "ActualDate":  "31/01/2022",
        "ObservedDate":  "31/01/2022",
        "Type":  "Regional",
        "DayOfWeek":  "Monday",
        "DayOfWeekNumber":  "1",
        "WeekOfYear":  "5",
        "Day":  "31",
        "Month":  "1",
        "Year":  "2022"
    },
    {
        "HolidayName":  "Nelson Anniversary Day",
        "ActualDate":  "31/01/2022",
        "ObservedDate":  "31/01/2022",
        "Type":  "Regional",
        "DayOfWeek":  "Monday",
        "DayOfWeekNumber":  "1",
        "WeekOfYear":  "5",
        "Day":  "31",
        "Month":  "1",
        "Year":  "2022"
    },
    {
        "HolidayName":  "Waitangi Day",
        "ActualDate":  "06/02/2022",
        "ObservedDate":  "07/02/2022",
        "Type":  "National",
        "DayOfWeek":  "Sunday",
        "DayOfWeekNumber":  "7",
        "WeekOfYear":  "6",
        "Day":  "6",
        "Month":  "2",
        "Year":  "2022"
    },
    {
        "HolidayName":  "Taranaki Anniversary Day",
        "ActualDate":  "14/03/2022",
        "ObservedDate":  "14/03/2022",
        "Type":  "Regional",
        "DayOfWeek":  "Monday",
        "DayOfWeekNumber":  "1",
        "WeekOfYear":  "11",
        "Day":  "14",
        "Month":  "3",
        "Year":  "2022"
    },
    {
        "HolidayName":  "Otago Anniversary Day",
        "ActualDate":  "21/03/2022",
        "ObservedDate":  "21/03/2022",
        "Type":  "Regional",
        "DayOfWeek":  "Monday",
        "DayOfWeekNumber":  "1",
        "WeekOfYear":  "12",
        "Day":  "21",
        "Month":  "3",
        "Year":  "2022"
    },
    {
        "HolidayName":  "Good Friday",
        "ActualDate":  "15/04/2022",
        "ObservedDate":  "15/04/2022",
        "Type":  "National",
        "DayOfWeek":  "Friday",
        "DayOfWeekNumber":  "5",
        "WeekOfYear":  "16",
        "Day":  "15",
        "Month":  "4",
        "Year":  "2022"
    },
    {
        "HolidayName":  "Easter Monday",
        "ActualDate":  "18/04/2022",
        "ObservedDate":  "18/04/2022",
        "Type":  "National",
        "DayOfWeek":  "Monday",
        "DayOfWeekNumber":  "1",
        "WeekOfYear":  "16",
        "Day":  "18",
        "Month":  "4",
        "Year":  "2022"
    },
    {
        "HolidayName":  "Southland Anniversary Day",
        "ActualDate":  "19/04/2022",
        "ObservedDate":  "19/04/2022",
        "Type":  "Regional",
        "DayOfWeek":  "Tuesday",
        "DayOfWeekNumber":  "2",
        "WeekOfYear":  "16",
        "Day":  "19",
        "Month":  "4",
        "Year":  "2022"
    },
    {
        "HolidayName":  "Anzac Day",
        "ActualDate":  "25/04/2022",
        "ObservedDate":  "25/04/2022",
        "Type":  "National",
        "DayOfWeek":  "Monday",
        "DayOfWeekNumber":  "1",
        "WeekOfYear":  "17",
        "Day":  "25",
        "Month":  "4",
        "Year":  "2022"
    },
    {
        "HolidayName":  "Queens Birthday",
        "ActualDate":  "06/06/2022",
        "ObservedDate":  "06/06/2022",
        "Type":  "National",
        "DayOfWeek":  "Monday",
        "DayOfWeekNumber":  "1",
        "WeekOfYear":  "23",
        "Day":  "6",
        "Month":  "6",
        "Year":  "2022"
    },
    {
        "HolidayName":  "Matariki",
        "ActualDate":  "24/06/2022",
        "ObservedDate":  "24/06/2022",
        "Type":  "National",
        "DayOfWeek":  "Friday",
        "DayOfWeekNumber":  "5",
        "WeekOfYear":  "26",
        "Day":  "24",
        "Month":  "6",
        "Year":  "2022"
    },
    {
        "HolidayName":  "South Canterbury Anniversary Day",
        "ActualDate":  "26/09/2022",
        "ObservedDate":  "26/09/2022",
        "Type":  "Regional",
        "DayOfWeek":  "Monday",
        "DayOfWeekNumber":  "1",
        "WeekOfYear":  "39",
        "Day":  "26",
        "Month":  "9",
        "Year":  "2022"
    },
    {
        "HolidayName":  "Hawkes Bay Anniversary Day",
        "ActualDate":  "21/10/2022",
        "ObservedDate":  "21/10/2022",
        "Type":  "Regional",
        "DayOfWeek":  "Friday",
        "DayOfWeekNumber":  "5",
        "WeekOfYear":  "43",
        "Day":  "21",
        "Month":  "10",
        "Year":  "2022"
    },
    {
        "HolidayName":  "Labour Day",
        "ActualDate":  "24/10/2022",
        "ObservedDate":  "24/10/2022",
        "Type":  "National",
        "DayOfWeek":  "Monday",
        "DayOfWeekNumber":  "1",
        "WeekOfYear":  "43",
        "Day":  "24",
        "Month":  "10",
        "Year":  "2022"
    },
    {
        "HolidayName":  "Marlborough Anniversary Day",
        "ActualDate":  "31/10/2022",
        "ObservedDate":  "31/10/2022",
        "Type":  "Regional",
        "DayOfWeek":  "Monday",
        "DayOfWeekNumber":  "1",
        "WeekOfYear":  "44",
        "Day":  "31",
        "Month":  "10",
        "Year":  "2022"
    },
    {
        "HolidayName":  "Canterbury Anniversary Day",
        "ActualDate":  "11/11/2022",
        "ObservedDate":  "11/11/2022",
        "Type":  "Regional",
        "DayOfWeek":  "Friday",
        "DayOfWeekNumber":  "5",
        "WeekOfYear":  "46",
        "Day":  "11",
        "Month":  "11",
        "Year":  "2022"
    },
    {
        "HolidayName":  "Chatham Islands Anniversary Day",
        "ActualDate":  "28/11/2022",
        "ObservedDate":  "28/11/2022",
        "Type":  "Regional",
        "DayOfWeek":  "Monday",
        "DayOfWeekNumber":  "1",
        "WeekOfYear":  "48",
        "Day":  "28",
        "Month":  "11",
        "Year":  "2022"
    },
    {
        "HolidayName":  "Westland Anniversary Day",
        "ActualDate":  "28/11/2022",
        "ObservedDate":  "28/11/2022",
        "Type":  "Regional",
        "DayOfWeek":  "Monday",
        "DayOfWeekNumber":  "1",
        "WeekOfYear":  "48",
        "Day":  "28",
        "Month":  "11",
        "Year":  "2022"
    },
    {
        "HolidayName":  "Christmas Day",
        "ActualDate":  "25/12/2022",
        "ObservedDate":  "27/12/2022",
        "Type":  "National",
        "DayOfWeek":  "Sunday",
        "DayOfWeekNumber":  "7",
        "WeekOfYear":  "52",
        "Day":  "25",
        "Month":  "12",
        "Year":  "2022"
    },
    {
        "HolidayName":  "Boxing Day",
        "ActualDate":  "26/12/2022",
        "ObservedDate":  "26/12/2022",
        "Type":  "National",
        "DayOfWeek":  "Monday",
        "DayOfWeekNumber":  "1",
        "WeekOfYear":  "52",
        "Day":  "26",
        "Month":  "12",
        "Year":  "2022"
    },
    {
        "HolidayName":  "New Years Day",
        "ActualDate":  "01/01/2023",
        "ObservedDate":  "03/01/2023",
        "Type":  "National",
        "DayOfWeek":  "Sunday",
        "DayOfWeekNumber":  "7",
        "WeekOfYear":  "1",
        "Day":  "1",
        "Month":  "1",
        "Year":  "2023"
    },
    {
        "HolidayName":  "Day after New Years Day",
        "ActualDate":  "02/01/2023",
        "ObservedDate":  "02/01/2023",
        "Type":  "National",
        "DayOfWeek":  "Monday",
        "DayOfWeekNumber":  "1",
        "WeekOfYear":  "1",
        "Day":  "2",
        "Month":  "1",
        "Year":  "2023"
    },
    {
        "HolidayName":  "Wellington Anniversary Day",
        "ActualDate":  "23/01/2023",
        "ObservedDate":  "23/01/2023",
        "Type":  "Regional",
        "DayOfWeek":  "Monday",
        "DayOfWeekNumber":  "1",
        "WeekOfYear":  "4",
        "Day":  "23",
        "Month":  "1",
        "Year":  "2023"
    },
    {
        "HolidayName":  "Auckland Anniversary Day",
        "ActualDate":  "30/01/2023",
        "ObservedDate":  "30/01/2023",
        "Type":  "Regional",
        "DayOfWeek":  "Monday",
        "DayOfWeekNumber":  "1",
        "WeekOfYear":  "5",
        "Day":  "30",
        "Month":  "1",
        "Year":  "2023"
    },
    {
        "HolidayName":  "Nelson Anniversary Day",
        "ActualDate":  "30/01/2023",
        "ObservedDate":  "30/01/2023",
        "Type":  "Regional",
        "DayOfWeek":  "Monday",
        "DayOfWeekNumber":  "1",
        "WeekOfYear":  "5",
        "Day":  "30",
        "Month":  "1",
        "Year":  "2023"
    },
    {
        "HolidayName":  "Waitangi Day",
        "ActualDate":  "06/02/2023",
        "ObservedDate":  "06/02/2023",
        "Type":  "National",
        "DayOfWeek":  "Monday",
        "DayOfWeekNumber":  "1",
        "WeekOfYear":  "6",
        "Day":  "6",
        "Month":  "2",
        "Year":  "2023"
    },
    {
        "HolidayName":  "Taranaki Anniversary Day",
        "ActualDate":  "13/03/2023",
        "ObservedDate":  "13/03/2023",
        "Type":  "Regional",
        "DayOfWeek":  "Monday",
        "DayOfWeekNumber":  "1",
        "WeekOfYear":  "11",
        "Day":  "13",
        "Month":  "3",
        "Year":  "2023"
    },
    {
        "HolidayName":  "Otago Anniversary Day",
        "ActualDate":  "20/03/2023",
        "ObservedDate":  "20/03/2023",
        "Type":  "Regional",
        "DayOfWeek":  "Monday",
        "DayOfWeekNumber":  "1",
        "WeekOfYear":  "12",
        "Day":  "20",
        "Month":  "3",
        "Year":  "2023"
    },
    {
        "HolidayName":  "Good Friday",
        "ActualDate":  "07/04/2023",
        "ObservedDate":  "07/04/2023",
        "Type":  "National",
        "DayOfWeek":  "Friday",
        "DayOfWeekNumber":  "5",
        "WeekOfYear":  "14",
        "Day":  "7",
        "Month":  "4",
        "Year":  "2023"
    },
    {
        "HolidayName":  "Easter Monday",
        "ActualDate":  "10/04/2023",
        "ObservedDate":  "10/04/2023",
        "Type":  "National",
        "DayOfWeek":  "Monday",
        "DayOfWeekNumber":  "1",
        "WeekOfYear":  "15",
        "Day":  "10",
        "Month":  "4",
        "Year":  "2023"
    },
    {
        "HolidayName":  "Southland Anniversary Day",
        "ActualDate":  "11/04/2023",
        "ObservedDate":  "11/04/2023",
        "Type":  "Regional",
        "DayOfWeek":  "Tuesday",
        "DayOfWeekNumber":  "2",
        "WeekOfYear":  "15",
        "Day":  "11",
        "Month":  "4",
        "Year":  "2023"
    },
    {
        "HolidayName":  "Anzac Day",
        "ActualDate":  "25/04/2023",
        "ObservedDate":  "25/04/2023",
        "Type":  "National",
        "DayOfWeek":  "Tuesday",
        "DayOfWeekNumber":  "2",
        "WeekOfYear":  "17",
        "Day":  "25",
        "Month":  "4",
        "Year":  "2023"
    },
    {
        "HolidayName":  "Kings Birthday",
        "ActualDate":  "05/06/2023",
        "ObservedDate":  "05/06/2023",
        "Type":  "National",
        "DayOfWeek":  "Monday",
        "DayOfWeekNumber":  "1",
        "WeekOfYear":  "23",
        "Day":  "5",
        "Month":  "6",
        "Year":  "2023"
    },
    {
        "HolidayName":  "Matariki",
        "ActualDate":  "14/07/2023",
        "ObservedDate":  "14/07/2023",
        "Type":  "National",
        "DayOfWeek":  "Friday",
        "DayOfWeekNumber":  "5",
        "WeekOfYear":  "28",
        "Day":  "14",
        "Month":  "7",
        "Year":  "2023"
    },
    {
        "HolidayName":  "South Canterbury Anniversary Day",
        "ActualDate":  "25/09/2023",
        "ObservedDate":  "25/09/2023",
        "Type":  "Regional",
        "DayOfWeek":  "Monday",
        "DayOfWeekNumber":  "1",
        "WeekOfYear":  "39",
        "Day":  "25",
        "Month":  "9",
        "Year":  "2023"
    },
    {
        "HolidayName":  "Hawkes Bay Anniversary Day",
        "ActualDate":  "20/10/2023",
        "ObservedDate":  "20/10/2023",
        "Type":  "Regional",
        "DayOfWeek":  "Friday",
        "DayOfWeekNumber":  "5",
        "WeekOfYear":  "42",
        "Day":  "20",
        "Month":  "10",
        "Year":  "2023"
    },
    {
        "HolidayName":  "Labour Day",
        "ActualDate":  "23/10/2023",
        "ObservedDate":  "23/10/2023",
        "Type":  "National",
        "DayOfWeek":  "Monday",
        "DayOfWeekNumber":  "1",
        "WeekOfYear":  "43",
        "Day":  "23",
        "Month":  "10",
        "Year":  "2023"
    },
    {
        "HolidayName":  "Marlborough Anniversary Day",
        "ActualDate":  "30/10/2023",
        "ObservedDate":  "30/10/2023",
        "Type":  "Regional",
        "DayOfWeek":  "Monday",
        "DayOfWeekNumber":  "1",
        "WeekOfYear":  "44",
        "Day":  "30",
        "Month":  "10",
        "Year":  "2023"
    },
    {
        "HolidayName":  "Canterbury Anniversary Day",
        "ActualDate":  "17/11/2023",
        "ObservedDate":  "17/11/2023",
        "Type":  "Regional",
        "DayOfWeek":  "Friday",
        "DayOfWeekNumber":  "5",
        "WeekOfYear":  "46",
        "Day":  "17",
        "Month":  "11",
        "Year":  "2023"
    },
    {
        "HolidayName":  "Chatham Islands Anniversary Day",
        "ActualDate":  "27/11/2023",
        "ObservedDate":  "27/11/2023",
        "Type":  "Regional",
        "DayOfWeek":  "Monday",
        "DayOfWeekNumber":  "1",
        "WeekOfYear":  "48",
        "Day":  "27",
        "Month":  "11",
        "Year":  "2023"
    },
    {
        "HolidayName":  "Westland Anniversary Day",
        "ActualDate":  "04/12/2023",
        "ObservedDate":  "04/12/2023",
        "Type":  "Regional",
        "DayOfWeek":  "Monday",
        "DayOfWeekNumber":  "1",
        "WeekOfYear":  "49",
        "Day":  "4",
        "Month":  "12",
        "Year":  "2023"
    },
    {
        "HolidayName":  "Christmas Day",
        "ActualDate":  "25/12/2023",
        "ObservedDate":  "25/12/2023",
        "Type":  "National",
        "DayOfWeek":  "Monday",
        "DayOfWeekNumber":  "1",
        "WeekOfYear":  "52",
        "Day":  "25",
        "Month":  "12",
        "Year":  "2023"
    },
    {
        "HolidayName":  "Boxing Day",
        "ActualDate":  "26/12/2023",
        "ObservedDate":  "26/12/2023",
        "Type":  "National",
        "DayOfWeek":  "Tuesday",
        "DayOfWeekNumber":  "2",
        "WeekOfYear":  "52",
        "Day":  "26",
        "Month":  "12",
        "Year":  "2023"
    },
    {
        "HolidayName":  "New Years Day",
        "ActualDate":  "01/01/2024",
        "ObservedDate":  "01/01/2024",
        "Type":  "National",
        "DayOfWeek":  "Monday",
        "DayOfWeekNumber":  "1",
        "WeekOfYear":  "1",
        "Day":  "1",
        "Month":  "1",
        "Year":  "2024"
    },
    {
        "HolidayName":  "Day after New Years Day",
        "ActualDate":  "02/01/2024",
        "ObservedDate":  "02/01/2024",
        "Type":  "National",
        "DayOfWeek":  "Tuesday",
        "DayOfWeekNumber":  "2",
        "WeekOfYear":  "1",
        "Day":  "2",
        "Month":  "1",
        "Year":  "2024"
    },
    {
        "HolidayName":  "Wellington Anniversary Day",
        "ActualDate":  "22/01/2024",
        "ObservedDate":  "22/01/2024",
        "Type":  "Regional",
        "DayOfWeek":  "Monday",
        "DayOfWeekNumber":  "1",
        "WeekOfYear":  "4",
        "Day":  "22",
        "Month":  "1",
        "Year":  "2024"
    },
    {
        "HolidayName":  "Auckland Anniversary Day",
        "ActualDate":  "29/01/2024",
        "ObservedDate":  "29/01/2024",
        "Type":  "Regional",
        "DayOfWeek":  "Monday",
        "DayOfWeekNumber":  "1",
        "WeekOfYear":  "5",
        "Day":  "29",
        "Month":  "1",
        "Year":  "2024"
    },
    {
        "HolidayName":  "Nelson Anniversary Day",
        "ActualDate":  "29/01/2024",
        "ObservedDate":  "29/01/2024",
        "Type":  "Regional",
        "DayOfWeek":  "Monday",
        "DayOfWeekNumber":  "1",
        "WeekOfYear":  "5",
        "Day":  "29",
        "Month":  "1",
        "Year":  "2024"
    },
    {
        "HolidayName":  "Waitangi Day",
        "ActualDate":  "06/02/2024",
        "ObservedDate":  "06/02/2024",
        "Type":  "National",
        "DayOfWeek":  "Tuesday",
        "DayOfWeekNumber":  "2",
        "WeekOfYear":  "6",
        "Day":  "6",
        "Month":  "2",
        "Year":  "2024"
    },
    {
        "HolidayName":  "Taranaki Anniversary Day",
        "ActualDate":  "11/03/2024",
        "ObservedDate":  "11/03/2024",
        "Type":  "Regional",
        "DayOfWeek":  "Monday",
        "DayOfWeekNumber":  "1",
        "WeekOfYear":  "11",
        "Day":  "11",
        "Month":  "3",
        "Year":  "2024"
    },
    {
        "HolidayName":  "Otago Anniversary Day",
        "ActualDate":  "25/03/2024",
        "ObservedDate":  "25/03/2024",
        "Type":  "Regional",
        "DayOfWeek":  "Monday",
        "DayOfWeekNumber":  "1",
        "WeekOfYear":  "13",
        "Day":  "25",
        "Month":  "3",
        "Year":  "2024"
    },
    {
        "HolidayName":  "Good Friday",
        "ActualDate":  "29/03/2024",
        "ObservedDate":  "29/03/2024",
        "Type":  "National",
        "DayOfWeek":  "Friday",
        "DayOfWeekNumber":  "5",
        "WeekOfYear":  "13",
        "Day":  "29",
        "Month":  "3",
        "Year":  "2024"
    },
    {
        "HolidayName":  "Easter Monday",
        "ActualDate":  "01/04/2024",
        "ObservedDate":  "01/04/2024",
        "Type":  "National",
        "DayOfWeek":  "Monday",
        "DayOfWeekNumber":  "1",
        "WeekOfYear":  "14",
        "Day":  "1",
        "Month":  "4",
        "Year":  "2024"
    },
    {
        "HolidayName":  "Southland Anniversary Day",
        "ActualDate":  "02/04/2024",
        "ObservedDate":  "02/04/2024",
        "Type":  "Regional",
        "DayOfWeek":  "Tuesday",
        "DayOfWeekNumber":  "2",
        "WeekOfYear":  "14",
        "Day":  "2",
        "Month":  "4",
        "Year":  "2024"
    },
    {
        "HolidayName":  "Anzac Day",
        "ActualDate":  "25/04/2024",
        "ObservedDate":  "25/04/2024",
        "Type":  "National",
        "DayOfWeek":  "Thursday",
        "DayOfWeekNumber":  "4",
        "WeekOfYear":  "17",
        "Day":  "25",
        "Month":  "4",
        "Year":  "2024"
    },
    {
        "HolidayName":  "Kings Birthday",
        "ActualDate":  "03/06/2024",
        "ObservedDate":  "03/06/2024",
        "Type":  "National",
        "DayOfWeek":  "Monday",
        "DayOfWeekNumber":  "1",
        "WeekOfYear":  "23",
        "Day":  "3",
        "Month":  "6",
        "Year":  "2024"
    },
    {
        "HolidayName":  "Matariki",
        "ActualDate":  "28/06/2024",
        "ObservedDate":  "28/06/2024",
        "Type":  "National",
        "DayOfWeek":  "Friday",
        "DayOfWeekNumber":  "5",
        "WeekOfYear":  "26",
        "Day":  "28",
        "Month":  "6",
        "Year":  "2024"
    },
    {
        "HolidayName":  "South Canterbury Anniversary Day",
        "ActualDate":  "23/09/2024",
        "ObservedDate":  "23/09/2024",
        "Type":  "Regional",
        "DayOfWeek":  "Monday",
        "DayOfWeekNumber":  "1",
        "WeekOfYear":  "39",
        "Day":  "23",
        "Month":  "9",
        "Year":  "2024"
    },
    {
        "HolidayName":  "Hawkes Bay Anniversary Day",
        "ActualDate":  "25/10/2024",
        "ObservedDate":  "25/10/2024",
        "Type":  "Regional",
        "DayOfWeek":  "Friday",
        "DayOfWeekNumber":  "5",
        "WeekOfYear":  "43",
        "Day":  "25",
        "Month":  "10",
        "Year":  "2024"
    },
    {
        "HolidayName":  "Labour Day",
        "ActualDate":  "28/10/2024",
        "ObservedDate":  "28/10/2024",
        "Type":  "National",
        "DayOfWeek":  "Monday",
        "DayOfWeekNumber":  "1",
        "WeekOfYear":  "44",
        "Day":  "28",
        "Month":  "10",
        "Year":  "2024"
    },
    {
        "HolidayName":  "Marlborough Anniversary Day",
        "ActualDate":  "04/11/2024",
        "ObservedDate":  "04/11/2024",
        "Type":  "Regional",
        "DayOfWeek":  "Monday",
        "DayOfWeekNumber":  "1",
        "WeekOfYear":  "45",
        "Day":  "4",
        "Month":  "11",
        "Year":  "2024"
    },
    {
        "HolidayName":  "Canterbury Anniversary Day",
        "ActualDate":  "15/11/2024",
        "ObservedDate":  "15/11/2024",
        "Type":  "Regional",
        "DayOfWeek":  "Friday",
        "DayOfWeekNumber":  "5",
        "WeekOfYear":  "46",
        "Day":  "15",
        "Month":  "11",
        "Year":  "2024"
    },
    {
        "HolidayName":  "Chatham Islands Anniversary Day",
        "ActualDate":  "02/12/2024",
        "ObservedDate":  "02/12/2024",
        "Type":  "Regional",
        "DayOfWeek":  "Monday",
        "DayOfWeekNumber":  "1",
        "WeekOfYear":  "49",
        "Day":  "2",
        "Month":  "12",
        "Year":  "2024"
    },
    {
        "HolidayName":  "Westland Anniversary Day",
        "ActualDate":  "02/12/2024",
        "ObservedDate":  "02/12/2024",
        "Type":  "Regional",
        "DayOfWeek":  "Monday",
        "DayOfWeekNumber":  "1",
        "WeekOfYear":  "49",
        "Day":  "2",
        "Month":  "12",
        "Year":  "2024"
    },
    {
        "HolidayName":  "Christmas Day",
        "ActualDate":  "25/12/2024",
        "ObservedDate":  "25/12/2024",
        "Type":  "National",
        "DayOfWeek":  "Wednesday",
        "DayOfWeekNumber":  "3",
        "WeekOfYear":  "52",
        "Day":  "25",
        "Month":  "12",
        "Year":  "2024"
    },
    {
        "HolidayName":  "Boxing Day",
        "ActualDate":  "26/12/2024",
        "ObservedDate":  "26/12/2024",
        "Type":  "National",
        "DayOfWeek":  "Thursday",
        "DayOfWeekNumber":  "4",
        "WeekOfYear":  "52",
        "Day":  "26",
        "Month":  "12",
        "Year":  "2024"
    },
    {
        "HolidayName":  "New Years Day",
        "ActualDate":  "01/01/2025",
        "ObservedDate":  "01/01/2025",
        "Type":  "National",
        "DayOfWeek":  "Wednesday",
        "DayOfWeekNumber":  "3",
        "WeekOfYear":  "1",
        "Day":  "1",
        "Month":  "1",
        "Year":  "2025"
    },
    {
        "HolidayName":  "Day after New Years Day",
        "ActualDate":  "02/01/2025",
        "ObservedDate":  "02/01/2025",
        "Type":  "National",
        "DayOfWeek":  "Thursday",
        "DayOfWeekNumber":  "4",
        "WeekOfYear":  "1",
        "Day":  "2",
        "Month":  "1",
        "Year":  "2025"
    },
    {
        "HolidayName":  "Wellington Anniversary Day",
        "ActualDate":  "20/01/2025",
        "ObservedDate":  "20/01/2025",
        "Type":  "Regional",
        "DayOfWeek":  "Monday",
        "DayOfWeekNumber":  "1",
        "WeekOfYear":  "3",
        "Day":  "20",
        "Month":  "1",
        "Year":  "2025"
    },
    {
        "HolidayName":  "Auckland Anniversary Day",
        "ActualDate":  "27/01/2025",
        "ObservedDate":  "27/01/2025",
        "Type":  "Regional",
        "DayOfWeek":  "Monday",
        "DayOfWeekNumber":  "1",
        "WeekOfYear":  "4",
        "Day":  "27",
        "Month":  "1",
        "Year":  "2025"
    },
    {
        "HolidayName":  "Nelson Anniversary Day",
        "ActualDate":  "03/02/2025",
        "ObservedDate":  "03/02/2025",
        "Type":  "Regional",
        "DayOfWeek":  "Monday",
        "DayOfWeekNumber":  "1",
        "WeekOfYear":  "5",
        "Day":  "3",
        "Month":  "2",
        "Year":  "2025"
    },
    {
        "HolidayName":  "Waitangi Day",
        "ActualDate":  "06/02/2025",
        "ObservedDate":  "06/02/2025",
        "Type":  "National",
        "DayOfWeek":  "Thursday",
        "DayOfWeekNumber":  "4",
        "WeekOfYear":  "6",
        "Day":  "6",
        "Month":  "2",
        "Year":  "2025"
    },
    {
        "HolidayName":  "Taranaki Anniversary Day",
        "ActualDate":  "10/03/2025",
        "ObservedDate":  "10/03/2025",
        "Type":  "Regional",
        "DayOfWeek":  "Monday",
        "DayOfWeekNumber":  "1",
        "WeekOfYear":  "10",
        "Day":  "10",
        "Month":  "3",
        "Year":  "2025"
    },
    {
        "HolidayName":  "Otago Anniversary Day",
        "ActualDate":  "24/03/2025",
        "ObservedDate":  "24/03/2025",
        "Type":  "Regional",
        "DayOfWeek":  "Monday",
        "DayOfWeekNumber":  "1",
        "WeekOfYear":  "12",
        "Day":  "24",
        "Month":  "3",
        "Year":  "2025"
    },
    {
        "HolidayName":  "Good Friday",
        "ActualDate":  "18/04/2025",
        "ObservedDate":  "18/04/2025",
        "Type":  "National",
        "DayOfWeek":  "Friday",
        "DayOfWeekNumber":  "5",
        "WeekOfYear":  "16",
        "Day":  "18",
        "Month":  "4",
        "Year":  "2025"
    },
    {
        "HolidayName":  "Easter Monday",
        "ActualDate":  "21/04/2025",
        "ObservedDate":  "21/04/2025",
        "Type":  "National",
        "DayOfWeek":  "Monday",
        "DayOfWeekNumber":  "1",
        "WeekOfYear":  "16",
        "Day":  "21",
        "Month":  "4",
        "Year":  "2025"
    },
    {
        "HolidayName":  "Southland Anniversary Day",
        "ActualDate":  "22/04/2025",
        "ObservedDate":  "22/04/2025",
        "Type":  "Regional",
        "DayOfWeek":  "Tuesday",
        "DayOfWeekNumber":  "2",
        "WeekOfYear":  "17",
        "Day":  "22",
        "Month":  "4",
        "Year":  "2025"
    },
    {
        "HolidayName":  "Anzac Day",
        "ActualDate":  "25/04/2025",
        "ObservedDate":  "25/04/2025",
        "Type":  "National",
        "DayOfWeek":  "Friday",
        "DayOfWeekNumber":  "5",
        "WeekOfYear":  "17",
        "Day":  "25",
        "Month":  "4",
        "Year":  "2025"
    },
    {
        "HolidayName":  "Kings Birthday",
        "ActualDate":  "02/06/2025",
        "ObservedDate":  "02/06/2025",
        "Type":  "National",
        "DayOfWeek":  "Monday",
        "DayOfWeekNumber":  "1",
        "WeekOfYear":  "22",
        "Day":  "2",
        "Month":  "6",
        "Year":  "2025"
    },
    {
        "HolidayName":  "Matariki",
        "ActualDate":  "20/06/2025",
        "ObservedDate":  "20/06/2025",
        "Type":  "National",
        "DayOfWeek":  "Friday",
        "DayOfWeekNumber":  "5",
        "WeekOfYear":  "25",
        "Day":  "20",
        "Month":  "6",
        "Year":  "2025"
    },
    {
        "HolidayName":  "South Canterbury Anniversary Day",
        "ActualDate":  "22/09/2025",
        "ObservedDate":  "22/09/2025",
        "Type":  "Regional",
        "DayOfWeek":  "Monday",
        "DayOfWeekNumber":  "1",
        "WeekOfYear":  "38",
        "Day":  "22",
        "Month":  "9",
        "Year":  "2025"
    },
    {
        "HolidayName":  "Hawkes Bay Anniversary Day",
        "ActualDate":  "24/10/2025",
        "ObservedDate":  "24/10/2025",
        "Type":  "Regional",
        "DayOfWeek":  "Friday",
        "DayOfWeekNumber":  "5",
        "WeekOfYear":  "43",
        "Day":  "24",
        "Month":  "10",
        "Year":  "2025"
    },
    {
        "HolidayName":  "Labour Day",
        "ActualDate":  "27/10/2025",
        "ObservedDate":  "27/10/2025",
        "Type":  "National",
        "DayOfWeek":  "Monday",
        "DayOfWeekNumber":  "1",
        "WeekOfYear":  "43",
        "Day":  "27",
        "Month":  "10",
        "Year":  "2025"
    },
    {
        "HolidayName":  "Marlborough Anniversary Day",
        "ActualDate":  "03/11/2025",
        "ObservedDate":  "03/11/2025",
        "Type":  "Regional",
        "DayOfWeek":  "Monday",
        "DayOfWeekNumber":  "1",
        "WeekOfYear":  "44",
        "Day":  "3",
        "Month":  "11",
        "Year":  "2025"
    },
    {
        "HolidayName":  "Canterbury Anniversary Day",
        "ActualDate":  "14/11/2025",
        "ObservedDate":  "14/11/2025",
        "Type":  "Regional",
        "DayOfWeek":  "Friday",
        "DayOfWeekNumber":  "5",
        "WeekOfYear":  "46",
        "Day":  "14",
        "Month":  "11",
        "Year":  "2025"
    },
    {
        "HolidayName":  "Chatham Islands Anniversary Day",
        "ActualDate":  "01/12/2025",
        "ObservedDate":  "01/12/2025",
        "Type":  "Regional",
        "DayOfWeek":  "Monday",
        "DayOfWeekNumber":  "1",
        "WeekOfYear":  "48",
        "Day":  "1",
        "Month":  "12",
        "Year":  "2025"
    },
    {
        "HolidayName":  "Westland Anniversary Day",
        "ActualDate":  "01/12/2025",
        "ObservedDate":  "01/12/2025",
        "Type":  "Regional",
        "DayOfWeek":  "Monday",
        "DayOfWeekNumber":  "1",
        "WeekOfYear":  "48",
        "Day":  "1",
        "Month":  "12",
        "Year":  "2025"
    },
    {
        "HolidayName":  "Christmas Day",
        "ActualDate":  "25/12/2025",
        "ObservedDate":  "25/12/2025",
        "Type":  "National",
        "DayOfWeek":  "Thursday",
        "DayOfWeekNumber":  "4",
        "WeekOfYear":  "52",
        "Day":  "25",
        "Month":  "12",
        "Year":  "2025"
    },
    {
        "HolidayName":  "Boxing Day",
        "ActualDate":  "26/12/2025",
        "ObservedDate":  "26/12/2025",
        "Type":  "National",
        "DayOfWeek":  "Friday",
        "DayOfWeekNumber":  "5",
        "WeekOfYear":  "52",
        "Day":  "26",
        "Month":  "12",
        "Year":  "2025"
    },
    {
        "HolidayName":  "Westland Anniversary Day",
        "ActualDate":  "30/11/2026",
        "ObservedDate":  "30/11/2026",
        "Type":  "Regional",
        "DayOfWeek":  "Monday",
        "DayOfWeekNumber":  "1",
        "WeekOfYear":  "48",
        "Day":  "30",
        "Month":  "11",
        "Year":  "2026"
    },
    {
        "HolidayName":  "Christmas Day",
        "ActualDate":  "25/12/2026",
        "ObservedDate":  "25/12/2026",
        "Type":  "National",
        "DayOfWeek":  "Friday",
        "DayOfWeekNumber":  "5",
        "WeekOfYear":  "52",
        "Day":  "25",
        "Month":  "12",
        "Year":  "2026"
    },
    {
        "HolidayName":  "Boxing Day",
        "ActualDate":  "26/12/2026",
        "ObservedDate":  "28/12/2026",
        "Type":  "National",
        "DayOfWeek":  "Saturday",
        "DayOfWeekNumber":  "6",
        "WeekOfYear":  "52",
        "Day":  "26",
        "Month":  "12",
        "Year":  "2026"
    },
    {
        "HolidayName":  "Wellington Anniversary Day",
        "ActualDate":  "19/01/2026",
        "ObservedDate":  "19/01/2026",
        "Type":  "Regional",
        "DayOfWeek":  "Monday",
        "DayOfWeekNumber":  "1",
        "WeekOfYear":  "3",
        "Day":  "19",
        "Month":  "1",
        "Year":  "2026"
    },
    {
        "HolidayName":  "Auckland Anniversary Day",
        "ActualDate":  "26/01/2026",
        "ObservedDate":  "26/01/2026",
        "Type":  "Regional",
        "DayOfWeek":  "Monday",
        "DayOfWeekNumber":  "1",
        "WeekOfYear":  "4",
        "Day":  "26",
        "Month":  "1",
        "Year":  "2026"
    },
    {
        "HolidayName":  "Nelson Anniversary Day",
        "ActualDate":  "02/02/2026",
        "ObservedDate":  "02/02/2026",
        "Type":  "Regional",
        "DayOfWeek":  "Monday",
        "DayOfWeekNumber":  "1",
        "WeekOfYear":  "5",
        "Day":  "2",
        "Month":  "2",
        "Year":  "2026"
    },
    {
        "HolidayName":  "Waitangi Day",
        "ActualDate":  "06/02/2026",
        "ObservedDate":  "06/02/2026",
        "Type":  "National",
        "DayOfWeek":  "Friday",
        "DayOfWeekNumber":  "5",
        "WeekOfYear":  "6",
        "Day":  "6",
        "Month":  "2",
        "Year":  "2026"
    },
    {
        "HolidayName":  "Taranaki Anniversary Day",
        "ActualDate":  "09/03/2026",
        "ObservedDate":  "09/03/2026",
        "Type":  "Regional",
        "DayOfWeek":  "Monday",
        "DayOfWeekNumber":  "1",
        "WeekOfYear":  "10",
        "Day":  "9",
        "Month":  "3",
        "Year":  "2026"
    },
    {
        "HolidayName":  "Otago Anniversary Day",
        "ActualDate":  "23/03/2026",
        "ObservedDate":  "23/03/2026",
        "Type":  "Regional",
        "DayOfWeek":  "Monday",
        "DayOfWeekNumber":  "1",
        "WeekOfYear":  "12",
        "Day":  "23",
        "Month":  "3",
        "Year":  "2026"
    },
    {
        "HolidayName":  "Good Friday",
        "ActualDate":  "03/04/2026",
        "ObservedDate":  "03/04/2026",
        "Type":  "National",
        "DayOfWeek":  "Friday",
        "DayOfWeekNumber":  "5",
        "WeekOfYear":  "14",
        "Day":  "3",
        "Month":  "4",
        "Year":  "2026"
    },
    {
        "HolidayName":  "Easter Monday",
        "ActualDate":  "06/04/2026",
        "ObservedDate":  "06/04/2026",
        "Type":  "National",
        "DayOfWeek":  "Monday",
        "DayOfWeekNumber":  "1",
        "WeekOfYear":  "14",
        "Day":  "6",
        "Month":  "4",
        "Year":  "2026"
    },
    {
        "HolidayName":  "Southland Anniversary Day",
        "ActualDate":  "07/04/2026",
        "ObservedDate":  "07/04/2026",
        "Type":  "Regional",
        "DayOfWeek":  "Tuesday",
        "DayOfWeekNumber":  "2",
        "WeekOfYear":  "14",
        "Day":  "7",
        "Month":  "4",
        "Year":  "2026"
    },
    {
        "HolidayName":  "Anzac Day",
        "ActualDate":  "25/04/2026",
        "ObservedDate":  "27/04/2026",
        "Type":  "National",
        "DayOfWeek":  "Saturday",
        "DayOfWeekNumber":  "6",
        "WeekOfYear":  "17",
        "Day":  "25",
        "Month":  "4",
        "Year":  "2026"
    },
    {
        "HolidayName":  "Matariki",
        "ActualDate":  "10/07/2026",
        "ObservedDate":  "10/07/2026",
        "Type":  "National",
        "DayOfWeek":  "Friday",
        "DayOfWeekNumber":  "5",
        "WeekOfYear":  "28",
        "Day":  "10",
        "Month":  "7",
        "Year":  "2026"
    },
    {
        "HolidayName":  "South Canterbury Day",
        "ActualDate":  "28/09/2026",
        "ObservedDate":  "28/09/2026",
        "Type":  "Regional",
        "DayOfWeek":  "Monday",
        "DayOfWeekNumber":  "1",
        "WeekOfYear":  "39",
        "Day":  "28",
        "Month":  "9",
        "Year":  "2026"
    },
    {
        "HolidayName":  "Labour Day",
        "ActualDate":  "26/10/2026",
        "ObservedDate":  "26/10/2026",
        "Type":  "National",
        "DayOfWeek":  "Monday",
        "DayOfWeekNumber":  "1",
        "WeekOfYear":  "43",
        "Day":  "26",
        "Month":  "10",
        "Year":  "2026"
    },
    {
        "HolidayName":  "Marlborough Anniversary Day",
        "ActualDate":  "02/11/2026",
        "ObservedDate":  "02/11/2026",
        "Type":  "Regional",
        "DayOfWeek":  "Monday",
        "DayOfWeekNumber":  "1",
        "WeekOfYear":  "44",
        "Day":  "2",
        "Month":  "11",
        "Year":  "2026"
    },
    {
        "HolidayName":  "Christchurch Show Day",
        "ActualDate":  "13/11/2026",
        "ObservedDate":  "13/11/2026",
        "Type":  "Regional",
        "DayOfWeek":  "Friday",
        "DayOfWeekNumber":  "5",
        "WeekOfYear":  "46",
        "Day":  "13",
        "Month":  "11",
        "Year":  "2026"
    },
    {
        "HolidayName":  "New Years Day",
        "ActualDate":  "01/01/2026",
        "ObservedDate":  "01/01/2026",
        "Type":  "National",
        "DayOfWeek":  "Thursday",
        "DayOfWeekNumber":  "4",
        "WeekOfYear":  "1",
        "Day":  "1",
        "Month":  "1",
        "Year":  "2026"
    },
    {
        "HolidayName":  "Day after New Years Day",
        "ActualDate":  "02/01/2026",
        "ObservedDate":  "02/01/2026",
        "Type":  "National",
        "DayOfWeek":  "Friday",
        "DayOfWeekNumber":  "5",
        "WeekOfYear":  "1",
        "Day":  "2",
        "Month":  "1",
        "Year":  "2026"
    },
    {
        "HolidayName":  "Kings Birthday",
        "ActualDate":  "01/06/2026",
        "ObservedDate":  "01/06/2026",
        "Type":  "National",
        "DayOfWeek":  "Monday",
        "DayOfWeekNumber":  "1",
        "WeekOfYear":  "22",
        "Day":  "1",
        "Month":  "6",
        "Year":  "2026"
    },
    {
        "HolidayName":  "Hawkes Bay Anniversary Day",
        "ActualDate":  "23/10/2026",
        "ObservedDate":  "23/10/2026",
        "Type":  "Regional",
        "DayOfWeek":  "Friday",
        "DayOfWeekNumber":  "5",
        "WeekOfYear":  "43",
        "Day":  "23",
        "Month":  "10",
        "Year":  "2026"
    }
]